nomor_invoice;id_student;tanggal;total;status
SI.2025.05.00200;A11;31 May 2025;549900;Belum Lunas
SI.2025.05.00199;A12;31 May 2025;99000;Belum Lunas
SI.2025.05.00198;A13;31 May 2025;449900;Belum Lunas
SI.2025.05.00197;A14;31 May 2025;249900;Belum Lunas
SI.2025.05.00196;A15;31 May 2025;349900;Belum Lunas
SI.2025.05.00195;A16;31 May 2025;549900;Belum Lunas
SI.2025.05.00194;A17;31 May 2025;99900;Belum Lunas
SI.2025.05.00193;A18;31 May 2025;99000;Belum Lunas
SI.2025.05.00192;A19;31 May 2025;146958;Belum Lunas
SI.2025.05.00191;A20;31 May 2025;449900;Belum Lunas
SI.2025.05.00190;A21;31 May 2025;199400;Belum Lunas
SI.2025.05.00189;A22;31 May 2025;99000;Belum Lunas
SI.2025.05.00188;A23;31 May 2025;299900;Belum Lunas
SI.2025.05.00187;A24;28 May 2025;359900;Belum Lunas
SI.2025.05.00186;A25;27 May 2025;99900;Belum Lunas
SI.2025.05.00185;A26;26 May 2025;199800;Belum Lunas
SI.2025.05.00184;A27;22 May 2025;549900;Belum Lunas
SI.2025.05.00183;A28;22 May 2025;439920;Belum Lunas
SI.2025.05.00182;A29;22 May 2025;279920;Belum Lunas
SI.2025.05.00181;A30;22 May 2025;99000;Belum Lunas
SI.2025.05.00180;A31;22 May 2025;279920;Belum Lunas
SI.2025.05.00179;A32;22 May 2025;349900;Belum Lunas
SI.2025.05.00178;A33;22 May 2025;449900;Belum Lunas
SI.2025.05.00177;A34;22 May 2025;449900;Belum Lunas
SI.2025.05.00176;A35;22 May 2025;199900;Belum Lunas
SI.2025.05.00175;A36;22 May 2025;199400;Belum Lunas
SI.2025.05.00174;A37;22 May 2025;549900;Belum Lunas
SI.2025.05.00173;A38;22 May 2025;449900;Belum Lunas
SI.2025.05.00172;A39;22 May 2025;349900;Belum Lunas
SI.2025.05.00171;A40;22 May 2025;199900;Belum Lunas
SI.2025.05.00170;A41;22 May 2025;359920;Belum Lunas
SI.2025.05.00169;A42;22 May 2025;449900;Belum Lunas
SI.2025.05.00168;A43;22 May 2025;359920;Belum Lunas
SI.2025.05.00167;A44;22 May 2025;359920;Belum Lunas
SI.2025.05.00166;A45;22 May 2025;199920;Belum Lunas
SI.2025.05.00165;A46;22 May 2025;99000;Belum Lunas
SI.2025.05.00164;A47;22 May 2025;159920;Belum Lunas
SI.2025.05.00163;A48;22 May 2025;230958;Belum Lunas
SI.2025.05.00162;A49;22 May 2025;359920;Belum Lunas
SI.2025.05.00161;A50;22 May 2025;230958;Belum Lunas
SI.2025.05.00160;A51;22 May 2025;125958;Belum Lunas
SI.2025.05.00159;A52;22 May 2025;359920;Belum Lunas
SI.2025.05.00158;A53;22 May 2025;99900;Belum Lunas
SI.2025.05.00157;A54;22 May 2025;359920;Belum Lunas
SI.2025.05.00156;A55;22 May 2025;359920;Belum Lunas
SI.2025.05.00155;A56;22 May 2025;439920;Belum Lunas
SI.2025.05.00154;A57;22 May 2025;99000;Belum Lunas
SI.2025.05.00153;A58;22 May 2025;279920;Belum Lunas
SI.2025.05.00152;A59;22 May 2025;279920;Belum Lunas
SI.2025.05.00151;A60;22 May 2025;359920;Belum Lunas
SI.2025.05.00150;A61;22 May 2025;159920;Belum Lunas
SI.2025.05.00149;A62;22 May 2025;439920;Belum Lunas
SI.2025.05.00148;A63;22 May 2025;239920;Belum Lunas
SI.2025.05.00147;A64;22 May 2025;199920;Belum Lunas
SI.2025.05.00146;A65;22 May 2025;359920;Belum Lunas
SI.2025.05.00145;A66;22 May 2025;99900;Belum Lunas
SI.2025.05.00144;A67;22 May 2025;449900;Belum Lunas
SI.2025.05.00143;A68;22 May 2025;449900;Belum Lunas
SI.2025.05.00142;A69;22 May 2025;249900;Belum Lunas
SI.2025.05.00141;A70;22 May 2025;249900;Belum Lunas
SI.2025.05.00140;A71;22 May 2025;299900;Belum Lunas
SI.2025.05.00139;A72;22 May 2025;99900;Belum Lunas
SI.2025.05.00138;A73;22 May 2025;228772;Belum Lunas
SI.2025.05.00137;A74;22 May 2025;549900;Belum Lunas
SI.2025.05.00136;A75;22 May 2025;446000;Belum Lunas
SI.2025.05.00135;A76;22 May 2025;249900;Belum Lunas
SI.2025.05.00134;A77;22 May 2025;449900;Belum Lunas
SI.2025.05.00133;A78;22 May 2025;349900;Belum Lunas
SI.2025.05.00132;A79;22 May 2025;253253;Belum Lunas
SI.2025.05.00131;A80;22 May 2025;199900;Belum Lunas
SI.2025.05.00130;A81;22 May 2025;404910;Belum Lunas
SI.2025.05.00129;A82;22 May 2025;99000;Belum Lunas
SI.2025.05.00128;A83;22 May 2025;503748;Belum Lunas
SI.2025.05.00127;A84;22 May 2025;99000;Belum Lunas
SI.2025.05.00126;A85;22 May 2025;279920;Belum Lunas
SI.2025.05.00125;A86;22 May 2025;99000;Belum Lunas
SI.2025.05.00124;A87;22 May 2025;404910;Belum Lunas
SI.2025.05.00123;A88;22 May 2025;99000;Belum Lunas
SI.2025.05.00122;A89;22 May 2025;99000;Belum Lunas
SI.2025.05.00121;A90;22 May 2025;449900;Belum Lunas
SI.2025.05.00120;A91;22 May 2025;99000;Belum Lunas
SI.2025.05.00119;A92;22 May 2025;99000;Belum Lunas
SI.2025.05.00118;A93;22 May 2025;179910;Belum Lunas
SI.2025.05.00117;A94;22 May 2025;314910;Belum Lunas
SI.2025.05.00116;A95;22 May 2025;494910;Belum Lunas
SI.2025.05.00115;A96;22 May 2025;314910;Belum Lunas
SI.2025.05.00114;A97;22 May 2025;314930;Belum Lunas
SI.2025.05.00113;A98;22 May 2025;384930;Belum Lunas
SI.2025.05.00112;A99;22 May 2025;99000;Belum Lunas
SI.2025.05.00111;A100;22 May 2025;349900;Belum Lunas
SI.2025.05.00110;A101;22 May 2025;449900;Belum Lunas
SI.2025.05.00109;A102;22 May 2025;99000;Belum Lunas
SI.2025.05.00108;A103;22 May 2025;279920;Belum Lunas
SI.2025.05.00107;A104;22 May 2025;359920;Belum Lunas
SI.2025.05.00106;A105;22 May 2025;99000;Belum Lunas
SI.2025.05.00105;A106;22 May 2025;439920;Belum Lunas
SI.2025.05.00104;A107;22 May 2025;439920;Belum Lunas
SI.2025.05.00103;A108;22 May 2025;549900;Belum Lunas
SI.2025.05.00102;A109;22 May 2025;199400;Belum Lunas
SI.2025.05.00101;A110;22 May 2025;299900;Belum Lunas
SI.2025.05.00100;A111;22 May 2025;159920;Belum Lunas
SI.2025.05.00099;A112;22 May 2025;159920;Belum Lunas
SI.2025.05.00098;A113;22 May 2025;199920;Belum Lunas
SI.2025.05.00097;A114;22 May 2025;239920;Belum Lunas
SI.2025.05.00096;A115;22 May 2025;359920;Belum Lunas
SI.2025.05.00095;A116;22 May 2025;279920;Belum Lunas
SI.2025.05.00094;A117;22 May 2025;359920;Belum Lunas
SI.2025.05.00093;A118;22 May 2025;99900;Belum Lunas
SI.2025.05.00092;A119;22 May 2025;359920;Belum Lunas
SI.2025.05.00091;A120;22 May 2025;359920;Belum Lunas
SI.2025.05.00090;A121;22 May 2025;359920;Belum Lunas
SI.2025.05.00089;A122;22 May 2025;99000;Belum Lunas
SI.2025.05.00088;A123;22 May 2025;99000;Belum Lunas
SI.2025.05.00087;A124;22 May 2025;279920;Belum Lunas
SI.2025.05.00086;A125;22 May 2025;359920;Belum Lunas
SI.2025.05.00085;A126;22 May 2025;279920;Belum Lunas
SI.2025.05.00084;A127;22 May 2025;99000;Belum Lunas
SI.2025.05.00083;A128;22 May 2025;99000;Belum Lunas
SI.2025.05.00082;A129;22 May 2025;99900;Belum Lunas
SI.2025.05.00081;A130;22 May 2025;279920;Belum Lunas
SI.2025.05.00080;A131;22 May 2025;439920;Belum Lunas
SI.2025.05.00079;A132;22 May 2025;239920;Belum Lunas
SI.2025.05.00078;A133;22 May 2025;99000;Belum Lunas
SI.2025.05.00077;A134;22 May 2025;99000;Belum Lunas
SI.2025.05.00076;A135;22 May 2025;249900;Belum Lunas
SI.2025.05.00075;A136;22 May 2025;99000;Belum Lunas
SI.2025.05.00074;A137;22 May 2025;359920;Belum Lunas
SI.2025.05.00073;A138;22 May 2025;99900;Belum Lunas
SI.2025.05.00072;A139;22 May 2025;359920;Belum Lunas
SI.2025.05.00071;A140;22 May 2025;199400;Belum Lunas
SI.2025.05.00070;A141;22 May 2025;439920;Belum Lunas
SI.2025.05.00069;A142;22 May 2025;359920;Belum Lunas
SI.2025.05.00068;A143;22 May 2025;99000;Belum Lunas
SI.2025.05.00067;A144;22 May 2025;359920;Belum Lunas
SI.2025.05.00066;A145;22 May 2025;159920;Belum Lunas
SI.2025.05.00065;A146;22 May 2025;99000;Belum Lunas
SI.2025.05.00064;A147;22 May 2025;99000;Belum Lunas
SI.2025.05.00063;A148;22 May 2025;549900;Belum Lunas
SI.2025.05.00062;A149;22 May 2025;99000;Belum Lunas
SI.2025.05.00061;A150;22 May 2025;99000;Belum Lunas
SI.2025.05.00060;A151;22 May 2025;99000;Belum Lunas
SI.2025.05.00059;A152;22 May 2025;99000;Belum Lunas
SI.2025.05.00058;A153;22 May 2025;199920;Belum Lunas
SI.2025.05.00057;A154;22 May 2025;359920;Belum Lunas
SI.2025.05.00056;A155;22 May 2025;99000;Belum Lunas
SI.2025.05.00055;A156;22 May 2025;146958;Belum Lunas
SI.2025.05.00054;A157;22 May 2025;239920;Belum Lunas
SI.2025.05.00053;A158;22 May 2025;99000;Belum Lunas
SI.2025.05.00052;A159;22 May 2025;230958;Belum Lunas
SI.2025.05.00051;A160;22 May 2025;159920;Belum Lunas
SI.2025.05.00050;A161;22 May 2025;359920;Belum Lunas
SI.2025.05.00049;A162;22 May 2025;279920;Belum Lunas
SI.2025.05.00048;A163;22 May 2025;99000;Belum Lunas
SI.2025.05.00047;A164;22 May 2025;314910;Belum Lunas
SI.2025.05.00046;A165;22 May 2025;349000;Belum Lunas
SI.2025.05.00045;A166;22 May 2025;359920;Belum Lunas
SI.2025.05.00044;A167;22 May 2025;439920;Belum Lunas
SI.2025.05.00043;A168;22 May 2025;99000;Belum Lunas
SI.2025.05.00042;A169;22 May 2025;99000;Belum Lunas
SI.2025.05.00041;A170;22 May 2025;99000;Belum Lunas
SI.2025.05.00040;A171;22 May 2025;230985;Belum Lunas
SI.2025.05.00039;A172;22 May 2025;230985;Belum Lunas
SI.2025.05.00038;A173;22 May 2025;314930;Belum Lunas
SI.2025.05.00037;A174;22 May 2025;99000;Belum Lunas
SI.2025.05.00002;A175;22 May 2025;299900;Belum Lunas
SI.2025.05.00036;A176;21 May 2025;349900;Belum Lunas
SI.2025.05.00035;A177;20 May 2025;199900;Belum Lunas
SI.2025.05.00034;A178;20 May 2025;299900;Belum Lunas
SI.2025.05.00033;A179;20 May 2025;549900;Belum Lunas
SI.2025.05.00032;A180;18 May 2025;199400;Belum Lunas
SI.2025.05.00031;A181;18 May 2025;99000;Belum Lunas
SI.2025.05.00030;A182;17 May 2025;199400;Belum Lunas
SI.2025.05.00029;A183;17 May 2025;99900;Belum Lunas
KSDK.2500329.25.0 5.0126.01;A184;16 May 2025;360000;Belum Lunas
KSDK.2500328.25.0 5.0125.01;A185;16 May 2025;419832;Belum Lunas
KSDK.2500326.25.0 5.0123.01;A186;16 May 2025;99000;Belum Lunas
KSDK.2500325.25.0 5.0122.01;A187;16 May 2025;99000;Belum Lunas
KSDK.2500324.25.0 5.0121.01;A188;16 May 2025;323856;Belum Lunas
KSDK.2500323.25.0 5.0120.01;A189;16 May 2025;324000;Belum Lunas
KSDK.2500320.25.0 5.0117.01;A190;16 May 2025;375000;Belum Lunas
KSDK.2500319.25.0 5.0116.01;A191;16 May 2025;443856;Belum Lunas
KSDK.2500318.25.0 5.0115.01;A192;16 May 2025;443856;Belum Lunas
KSDK.2500317.25.0 5.0114.01;A193;16 May 2025;119880;Belum Lunas
KSDK.2500316.25.0 5.0113.01;A194;16 May 2025;280000;Belum Lunas
KSDK.2500315.25.0 5.0112.;A195;16 May 2025;450000;Belum Lunas
KSDK.2500313.25.0 5.0110.01;A196;16 May 2025;375000;Belum Lunas
KSDK.2500312.25.0 5.0109.01;A197;16 May 2025;99000;Belum Lunas
KSDK.2500311.25.0 5.0108.01;A198;16 May 2025;280000;Belum Lunas
KSDK.2500310.25.0 5.0107.01;A199;16 May 2025;350000;Belum Lunas
KSDK.2500308.25.0 5.0105.01;A200;16 May 2025;280000;Belum Lunas
KSDK.2500307.25.0 5.0104.01;A201;16 May 2025;99000;Belum Lunas
KSDK.2500306.25.0 5.0103.01;A202;16 May 2025;225000;Belum Lunas
KSDK.2500303.25.0 5.0100.01;A203;16 May 2025;99000;Belum Lunas
KSDK.2500302.25.0 5.0099.01;A204;16 May 2025;225000;Belum Lunas
KSDK.2500301.25.0 5.0098.01;A205;16 May 2025;360000;Belum Lunas
KSDK.2500298.25.0 5.0095.01;A206;16 May 2025;119880;Belum Lunas
KSDK.2500296.25.0 5.0093.01;A207;16 May 2025;324000;Belum Lunas
KSDK.2500295.25.0 5.0092.;A208;16 May 2025;99860;Belum Lunas
KSDK.2500294.25.0 5.0091.01;A209;16 May 2025;443856;Belum Lunas
KSDK.2500292.25.0 5.0089.01;A210;16 May 2025;280000;Belum Lunas
KSDK.2500290.25.0 5.0087.01;A211;16 May 2025;419832;Belum Lunas
KSDK.2500289.25.0 5.0086.01;A212;16 May 2025;99000;Belum Lunas
KSDK.2500288.25.0 5.0085.01;A213;16 May 2025;119880;Belum Lunas
KSDK.2500287.25.0 5.0084.01;A214;16 May 2025;419832;Belum Lunas
KSDK.2500286.25.0 5.0083.01;A215;16 May 2025;99000;Belum Lunas
KSDK.2500285.25.0 5.0082.01;A216;16 May 2025;280000;Belum Lunas
KSDK.2500284.25.0 5.0081.01;A217;16 May 2025;350000;Belum Lunas
KSDK.2500283.25.0 5.0080.01;A218;16 May 2025;53946;Belum Lunas
KSDK.2500281.25.0 5.0078.01;A219;16 May 2025;810000;Belum Lunas
KSDK.2500279.25.0 5.0076.01;A220;16 May 2025;450000;Lunas
KSDK.2500278.25.0 5.0075.01;A221;16 May 2025;323856;Belum Lunas
KSDK.2500277.25.0 5.0074.01;A222;16 May 2025;280000;Belum Lunas
KSDK.2500275.25.0 5.0072.01;A223;16 May 2025;360000;Belum Lunas
KSDK.2500273.25.0 5.0070.01;A224;16 May 2025;280000;Belum Lunas
KSDK.2500272.25.0 5.0069.01;A225;16 May 2025;280000;Belum Lunas
KSDK.2500270.25.0 5.0067.01;A226;16 May 2025;99000;Belum Lunas
KSDK.2500269.25.0 5.0066.01;A227;16 May 2025;323856;Belum Lunas
KSDK.2500262.25.0 5.0059.01;A228;16 May 2025;539880;Belum Lunas
KSDK.2500260.25.0 5.0057.01;A229;16 May 2025;443856;Belum Lunas
KSDK.2500257.25.0 5.0054.01;A230;16 May 2025;443856;Belum Lunas
KSDK.2500256.25.0 5.0053.01;A231;16 May 2025;119880;Belum Lunas
KSDK.2500254.25.0 5.0051.01;A232;16 May 2025;350000;Belum Lunas
KSDK.2500253.25.0 5.0050.01;A233;16 May 2025;99000;Belum Lunas
KSDK.2500252.25.0 5.0049.01;A234;16 May 2025;99000;Belum Lunas
KSDK.2500251.25.0 5.0048.01;A235;16 May 2025;99000;Belum Lunas
KSDK.2500250.25.0 5.0047.01;A236;16 May 2025;419880;Belum Lunas
KSDK.2500248.25.0 5.0045.01;A237;16 May 2025;119880;Belum Lunas
KSDK.2500245.25.0 5.0042.01;A238;16 May 2025;199900;Belum Lunas
KSDK.2500244.25.0 5.0041.01;A239;16 May 2025;99000;Belum Lunas
KSDK.2500243.25.0 5.0040.01;A240;16 May 2025;539880;Belum Lunas
KSDK.2500241.25.0 5.0038.01;A241;16 May 2025;539880;Belum Lunas
KSDK.2500237.25.0 5.0034.01;A242;16 May 2025;99000;Belum Lunas
KSDK.2500236.25.0 5.0033.01;A243;16 May 2025;99000;Belum Lunas
KSDK.2500235.25.0 5.0032.01;A244;16 May 2025;659880;Belum Lunas
KSDK.2500234.25.0 5.0031.01;A245;16 May 2025;99000;Belum Lunas
KSDK.2500233.25.0 5.0030.01;A246;16 May 2025;99000;Belum Lunas
KSDK.2500232.25.0 5.0029.01;A247;16 May 2025;323856;Belum Lunas
KSDK.2500231.25.0 5.0028.01;A248;16 May 2025;323856;Belum Lunas
KSDK.2500230.25.0 5.0027.01;A249;16 May 2025;199900;Belum Lunas
KSDK.2500229.25.0 5.0026.01;A250;16 May 2025;249860;Belum Lunas
KSDK.2500228.25.0 5.0025.01;A251;16 May 2025;323856;Belum Lunas
KSDK.2500225.25.0 5.0022.01;A252;16 May 2025;323856;Belum Lunas
KSDK.2500224.25.0 5.0021.01;A253;16 May 2025;419832;Belum Lunas
KSDK.2500221.25.0 5.0018.01;A254;16 May 2025;145735;Belum Lunas
KSDK.2500219.25.0 5.0016.01;A255;16 May 2025;369880;Belum Lunas
KSDK.2500217.25.0 5.0014.01;A256;16 May 2025;276500;Belum Lunas
KSDK.2500212.25.0 5.0009.01;A257;16 May 2025;369880;Belum Lunas
KSDK.2500210.25.0 5.0007.01;A258;16 May 2025;269880;Belum Lunas
KSDK.2500209.25.0 5.0006.01;A259;16 May 2025;199900;Belum Lunas
KSDK.2500359.25.0 5.0156.01;A260;16 May 2025;149850;Belum Lunas
KSDK.2500358.25.0 5.0155.01;A261;16 May 2025;149880;Belum Lunas
KSDK.2500357.25.0 5.0154.01;A262;16 May 2025;199800;Belum Lunas
KSDK.2500356.25.0 5.0153.01;A263;16 May 2025;349900;Belum Lunas
KSDK.2500355.25.0 5.0152.01;A264;16 May 2025;99000;Belum Lunas
KSDK.2500354.25.0 5.0151.01;A265;16 May 2025;99000;Belum Lunas
KSDK.2500353.25.0 5.0150.01;A266;16 May 2025;404920;Belum Lunas
KSDK.2500351.25.0 5.0148.01;A267;16 May 2025;299900;Belum Lunas
KSDK.2500299.25.0 5.0096.01;A268;16 May 2025;177542;Belum Lunas
KSDK.2500321.25.0 5.0118.01;A269;16 May 2025;999500;Belum Lunas
SI.2025.05.00028;A270;16 May 2025;199900;Belum Lunas
SI.2025.05.00027;A271;15 May 2025;299900;Belum Lunas
SI.2025.05.00026;A272;15 May 2025;449900;Belum Lunas
SI.2025.05.00025;A273;15 May 2025;99000;Belum Lunas
SI.2025.05.00023;A274;15 May 2025;199900;Belum Lunas
SI.2025.05.00022;A275;15 May 2025;99000;Belum Lunas
SI.2025.05.00021;A276;15 May 2025;199900;Belum Lunas
SI.2025.05.00020;A277;15 May 2025;99000;Belum Lunas
SI.2025.05.00019;A278;15 May 2025;199900;Belum Lunas
SI.2025.05.00018;A279;15 May 2025;299900;Belum Lunas
SI.2025.05.00017;A280;15 May 2025;349900;Belum Lunas
SI.2025.05.00016;A281;15 May 2025;349900;Belum Lunas
SI.2025.05.00015;A282;15 May 2025;99900;Belum Lunas
SI.2025.05.00014;A283;15 May 2025;231000;Belum Lunas
SI.2025.05.00013;A284;15 May 2025;549900;Belum Lunas
SI.2025.05.00012;A285;15 May 2025;99000;Belum Lunas
SI.2025.05.00011;A286;15 May 2025;99000;Belum Lunas
SI.2025.05.00010;A287;15 May 2025;99000;Belum Lunas
SI.2025.05.00009;A288;15 May 2025;99000;Belum Lunas
SI.2025.05.00008;A289;15 May 2025;99900;Belum Lunas
SI.2025.05.00007;A290;15 May 2025;146958;Belum Lunas
SI.2025.05.00006;A291;15 May 2025;279920;Belum Lunas
SI.2025.05.00005;A292;15 May 2025;449900;Belum Lunas
SI.2025.05.00212;A293;14 May 2025;395000;Belum Lunas
SI.2025.05.00211;A294;14 May 2025;149850;Belum Lunas
SI.2025.05.00210;A295;14 May 2025;199800;Belum Lunas
SI.2025.05.00209;A296;14 May 2025;99000;Belum Lunas
SI.2025.05.00208;A297;14 May 2025;199800;Belum Lunas
SI.2025.05.00207;A298;14 May 2025;99000;Belum Lunas
SI.2025.05.00206;A299;14 May 2025;349900;Belum Lunas
SI.2025.05.00205;A300;14 May 2025;249900;Belum Lunas
SI.2025.05.00204;A301;14 May 2025;399800;Belum Lunas
SI.2025.05.00203;A302;14 May 2025;199800;Belum Lunas
SI.2025.05.00202;A303;14 May 2025;99000;Belum Lunas
SI.2025.05.00201;A304;14 May 2025;199000;Belum Lunas
SI.2025.05.00004;A305;05 May 2025;439000;Belum Lunas
SI.2025.05.00024;A306;01 May 2025;279920;Belum Lunas
SI.2025.05.00003;A307;01 May 2025;494910;Belum Lunas
SI.2025.04.00205;A308;30 Apr 2025;549900;Belum Lunas
SI.2025.04.00204;A309;30 Apr 2025;549900;Belum Lunas
SI.2025.04.00203;A310;30 Apr 2025;146958;Belum Lunas
SI.2025.04.00202;A311;30 Apr 2025;99000;Belum Lunas
SI.2025.04.00201;A312;30 Apr 2025;99900;Belum Lunas
SI.2025.04.00200;A313;30 Apr 2025;449900;Belum Lunas
SI.2025.04.00199;A314;30 Apr 2025;449900;Belum Lunas
SI.2025.04.00198;A315;30 Apr 2025;99000;Belum Lunas
SI.2025.04.00197;A316;30 Apr 2025;249900;Belum Lunas
SI.2025.04.00196;A317;30 Apr 2025;349900;Belum Lunas
SI.2025.04.00195;A318;30 Apr 2025;199400;Belum Lunas
SI.2025.04.00194;A319;30 Apr 2025;99000;Belum Lunas
SI.2025.04.00193;A320;30 Apr 2025;199800;Belum Lunas
SI.2025.04.00192;A321;30 Apr 2025;299900;Belum Lunas
SI.2025.04.00191;A322;28 Apr 2025;359900;Belum Lunas
SI.2025.04.00217;A323;27 Apr 2025;199800;Belum Lunas
SI.2025.04.00216;A324;27 Apr 2025;99000;Belum Lunas
SI.2025.04.00215;A325;27 Apr 2025;199800;Belum Lunas
SI.2025.04.00214;A326;27 Apr 2025;99000;Belum Lunas
SI.2025.04.00213;A327;27 Apr 2025;349900;Belum Lunas
SI.2025.04.00212;A328;27 Apr 2025;249900;Belum Lunas
SI.2025.04.00210;A329;27 Apr 2025;99000;Belum Lunas
SI.2025.04.00190;A330;27 Apr 2025;99900;Belum Lunas
SI.2025.04.00209;A331;26 Apr 2025;399800;Belum Lunas
SI.2025.04.00208;A332;26 Apr 2025;199800;Belum Lunas
SI.2025.04.00207;A333;26 Apr 2025;349900;Belum Lunas
SI.2025.04.00206;A334;26 Apr 2025;199800;Belum Lunas
SI.2025.04.00189;A335;25 Apr 2025;299850;Belum Lunas
SI.2025.04.00188;A336;22 Apr 2025;279920;Belum Lunas
SI.2025.04.00187;A337;22 Apr 2025;279920;Belum Lunas
SI.2025.04.00186;A338;22 Apr 2025;349900;Belum Lunas
SI.2025.04.00185;A339;22 Apr 2025;449900;Belum Lunas
SI.2025.04.00184;A340;22 Apr 2025;449900;Belum Lunas
SI.2025.04.00183;A341;22 Apr 2025;199900;Belum Lunas
SI.2025.04.00182;A342;22 Apr 2025;199400;Belum Lunas
SI.2025.04.00181;A343;22 Apr 2025;549900;Belum Lunas
SI.2025.04.00180;A344;22 Apr 2025;314930;Belum Lunas
SI.2025.04.00179;A345;22 Apr 2025;199400;Belum Lunas
SI.2025.04.00178;A346;22 Apr 2025;99000;Belum Lunas
SI.2025.04.00177;A347;22 Apr 2025;99000;Belum Lunas
SI.2025.04.00176;A348;22 Apr 2025;99000;Belum Lunas
SI.2025.04.00175;A349;22 Apr 2025;503748;Belum Lunas
SI.2025.04.00174;A350;22 Apr 2025;99000;Belum Lunas
SI.2025.04.00173;A351;22 Apr 2025;99000;Belum Lunas
SI.2025.04.00172;A352;22 Apr 2025;99000;Belum Lunas
SI.2025.04.00171;A353;22 Apr 2025;99900;Belum Lunas
SI.2025.04.00170;A354;22 Apr 2025;359920;Belum Lunas
SI.2025.04.00169;A355;22 Apr 2025;449900;Belum Lunas
SI.2025.04.00168;A356;22 Apr 2025;359920;Belum Lunas
SI.2025.04.00167;A357;22 Apr 2025;359920;Belum Lunas
SI.2025.04.00166;A358;22 Apr 2025;199920;Belum Lunas
SI.2025.04.00165;A359;22 Apr 2025;99000;Belum Lunas
SI.2025.04.00164;A360;22 Apr 2025;159920;Belum Lunas
SI.2025.04.00163;A361;22 Apr 2025;230958;Belum Lunas
SI.2025.04.00162;A362;22 Apr 2025;359920;Belum Lunas
SI.2025.04.00161;A363;22 Apr 2025;230958;Belum Lunas
SI.2025.04.00160;A364;22 Apr 2025;125958;Belum Lunas
SI.2025.04.00159;A365;22 Apr 2025;359920;Belum Lunas
SI.2025.04.00158;A366;22 Apr 2025;99900;Belum Lunas
SI.2025.04.00157;A367;22 Apr 2025;359920;Belum Lunas
SI.2025.04.00156;A368;22 Apr 2025;359920;Belum Lunas
SI.2025.04.00155;A369;22 Apr 2025;439920;Belum Lunas
SI.2025.04.00154;A370;22 Apr 2025;384930;Belum Lunas
SI.2025.04.00153;A371;22 Apr 2025;279920;Belum Lunas
SI.2025.04.00152;A372;22 Apr 2025;279920;Belum Lunas
SI.2025.04.00151;A373;22 Apr 2025;359920;Belum Lunas
SI.2025.04.00150;A374;22 Apr 2025;159920;Belum Lunas
SI.2025.04.00149;A375;22 Apr 2025;439920;Belum Lunas
SI.2025.04.00148;A376;22 Apr 2025;239920;Belum Lunas
SI.2025.04.00147;A377;22 Apr 2025;199920;Belum Lunas
SI.2025.04.00146;A378;22 Apr 2025;359920;Belum Lunas
SI.2025.04.00145;A379;22 Apr 2025;99900;Belum Lunas
SI.2025.04.00144;A380;22 Apr 2025;449900;Belum Lunas
SI.2025.04.00143;A381;22 Apr 2025;449900;Belum Lunas
SI.2025.04.00142;A382;22 Apr 2025;249900;Belum Lunas
SI.2025.04.00141;A383;22 Apr 2025;249900;Belum Lunas
SI.2025.04.00140;A384;22 Apr 2025;299900;Belum Lunas
SI.2025.04.00139;A385;22 Apr 2025;99900;Belum Lunas
SI.2025.04.00138;A386;22 Apr 2025;549900;Belum Lunas
SI.2025.04.00137;A387;22 Apr 2025;446000;Belum Lunas
SI.2025.04.00136;A388;22 Apr 2025;249900;Belum Lunas
SI.2025.04.00135;A389;22 Apr 2025;449900;Belum Lunas
SI.2025.04.00134;A390;22 Apr 2025;349900;Belum Lunas
SI.2025.04.00133;A391;22 Apr 2025;253253;Belum Lunas
SI.2025.04.00132;A392;22 Apr 2025;549900;Belum Lunas
SI.2025.04.00131;A393;22 Apr 2025;439920;Belum Lunas
SI.2025.04.00130;A394;22 Apr 2025;99000;Belum Lunas
SI.2025.04.00129;A395;22 Apr 2025;99000;Belum Lunas
SI.2025.04.00128;A396;22 Apr 2025;99000;Belum Lunas
SI.2025.04.00127;A397;22 Apr 2025;449900;Belum Lunas
SI.2025.04.00126;A398;22 Apr 2025;314910;Belum Lunas
SI.2025.04.00125;A399;22 Apr 2025;99000;Belum Lunas
SI.2025.04.00124;A400;22 Apr 2025;549900;Belum Lunas
SI.2025.04.00089;A401;22 Apr 2025;99000;Belum Lunas
SI.2025.04.00088;A402;22 Apr 2025;449900;Belum Lunas
SI.2025.04.00087;A403;22 Apr 2025;349900;Belum Lunas
SI.2025.04.00086;A404;22 Apr 2025;199900;Belum Lunas
SI.2025.04.00085;A405;22 Apr 2025;99000;Belum Lunas
SI.2025.04.00084;A406;22 Apr 2025;349900;Belum Lunas
SI.2025.04.00083;A407;22 Apr 2025;449900;Belum Lunas
SI.2025.04.00082;A408;22 Apr 2025;279920;Belum Lunas
SI.2025.04.00081;A409;22 Apr 2025;359920;Belum Lunas
SI.2025.04.00080;A410;22 Apr 2025;99000;Belum Lunas
SI.2025.04.00079;A411;22 Apr 2025;439920;Belum Lunas
SI.2025.04.00078;A412;22 Apr 2025;439920;Belum Lunas
SI.2025.04.00077;A413;22 Apr 2025;199400;Belum Lunas
SI.2025.04.00076;A414;22 Apr 2025;549900;Belum Lunas
SI.2025.04.00075;A415;22 Apr 2025;299900;Belum Lunas
SI.2025.04.00074;A416;22 Apr 2025;299900;Belum Lunas
SI.2025.04.00073;A417;22 Apr 2025;99000;Belum Lunas
SI.2025.04.00072;A418;22 Apr 2025;159920;Belum Lunas
SI.2025.04.00071;A419;22 Apr 2025;159920;Belum Lunas
SI.2025.04.00070;A420;22 Apr 2025;199920;Belum Lunas
SI.2025.04.00069;A421;22 Apr 2025;239920;Belum Lunas
SI.2025.04.00068;A422;22 Apr 2025;359920;Belum Lunas
SI.2025.04.00067;A423;22 Apr 2025;279920;Belum Lunas
SI.2025.04.00066;A424;22 Apr 2025;359920;Belum Lunas
SI.2025.04.00065;A425;22 Apr 2025;99900;Belum Lunas
SI.2025.04.00064;A426;22 Apr 2025;359920;Belum Lunas
SI.2025.04.00063;A427;22 Apr 2025;359920;Belum Lunas
SI.2025.04.00062;A428;22 Apr 2025;359920;Belum Lunas
SI.2025.04.00061;A429;22 Apr 2025;99000;Belum Lunas
SI.2025.04.00060;A430;22 Apr 2025;279920;Belum Lunas
SI.2025.04.00059;A431;22 Apr 2025;359920;Belum Lunas
SI.2025.04.00058;A432;22 Apr 2025;279920;Belum Lunas
SI.2025.04.00057;A433;22 Apr 2025;99000;Belum Lunas
SI.2025.04.00056;A434;22 Apr 2025;279920;Belum Lunas
SI.2025.04.00055;A435;22 Apr 2025;439920;Belum Lunas
SI.2025.04.00054;A436;22 Apr 2025;239920;Belum Lunas
SI.2025.04.00053;A437;22 Apr 2025;99000;Belum Lunas
SI.2025.04.00052;A438;22 Apr 2025;99000;Belum Lunas
SI.2025.04.00051;A439;22 Apr 2025;249900;Belum Lunas
SI.2025.04.00050;A440;22 Apr 2025;99000;Belum Lunas
SI.2025.04.00049;A441;22 Apr 2025;359920;Belum Lunas
SI.2025.04.00048;A442;22 Apr 2025;99900;Belum Lunas
SI.2025.04.00047;A443;22 Apr 2025;359920;Belum Lunas
SI.2025.04.00046;A444;22 Apr 2025;439920;Belum Lunas
SI.2025.04.00045;A445;22 Apr 2025;359920;Belum Lunas
SI.2025.04.00044;A446;22 Apr 2025;99000;Belum Lunas
SI.2025.04.00043;A447;22 Apr 2025;359920;Belum Lunas
SI.2025.04.00042;A448;22 Apr 2025;159920;Belum Lunas
SI.2025.04.00040;A449;22 Apr 2025;99000;Belum Lunas
SI.2025.04.00039;A450;22 Apr 2025;99000;Belum Lunas
SI.2025.04.00038;A451;22 Apr 2025;99000;Belum Lunas
SI.2025.04.00037;A452;22 Apr 2025;99000;Belum Lunas
SI.2025.04.00036;A453;22 Apr 2025;99000;Belum Lunas
SI.2025.04.00035;A454;22 Apr 2025;279920;Belum Lunas
SI.2025.04.00034;A455;22 Apr 2025;199920;Belum Lunas
SI.2025.04.00033;A456;22 Apr 2025;359920;Belum Lunas
SI.2025.04.00032;A457;22 Apr 2025;146958;Belum Lunas
SI.2025.04.00031;A458;22 Apr 2025;228772;Belum Lunas
SI.2025.04.00030;A459;22 Apr 2025;239920;Belum Lunas
SI.2025.04.00029;A460;22 Apr 2025;99000;Belum Lunas
SI.2025.04.00028;A461;22 Apr 2025;230958;Belum Lunas
SI.2025.04.00027;A462;22 Apr 2025;159920;Belum Lunas
SI.2025.04.00026;A463;22 Apr 2025;359920;Belum Lunas
SI.2025.04.00025;A464;22 Apr 2025;279920;Belum Lunas
SI.2025.04.00024;A465;22 Apr 2025;314910;Belum Lunas
SI.2025.04.00023;A466;22 Apr 2025;349000;Belum Lunas
SI.2025.04.00022;A467;22 Apr 2025;359920;Belum Lunas
SI.2025.04.00021;A468;22 Apr 2025;439920;Belum Lunas
SI.2025.04.00020;A469;22 Apr 2025;99000;Belum Lunas
SI.2025.04.00019;A470;22 Apr 2025;99000;Belum Lunas
SI.2025.04.00018;A471;22 Apr 2025;230985;Belum Lunas
SI.2025.04.00017;A472;22 Apr 2025;230985;Belum Lunas
SI.2025.04.00016;A473;22 Apr 2025;314930;Belum Lunas
SI.2025.04.00015;A474;22 Apr 2025;99000;Belum Lunas
SI.2025.04.00014;A475;22 Apr 2025;199900;Belum Lunas
SI.2025.04.00013;A476;22 Apr 2025;404910;Belum Lunas
SI.2025.04.00012;A477;22 Apr 2025;99000;Belum Lunas
SI.2025.04.00011;A478;22 Apr 2025;99000;Belum Lunas
SI.2025.04.00010;A479;22 Apr 2025;404910;Belum Lunas
SI.2025.04.00009;A480;22 Apr 2025;99000;Belum Lunas
SI.2025.04.00008;A481;22 Apr 2025;99000;Belum Lunas
SI.2025.04.00007;A482;22 Apr 2025;179910;Belum Lunas
SI.2025.04.00006;A483;22 Apr 2025;314910;Belum Lunas
SI.2025.04.00005;A484;22 Apr 2025;494910;Belum Lunas
SI.2025.04.00004;A485;22 Apr 2025;99000;Belum Lunas
SI.2025.04.00003;A486;22 Apr 2025;314930;Belum Lunas
SI.2025.04.00123;A487;21 Apr 2025;349900;Belum Lunas
SI.2025.04.00122;A488;20 Apr 2025;199900;Belum Lunas
SI.2025.04.00121;A489;20 Apr 2025;299900;Belum Lunas
SI.2025.04.00120;A490;20 Apr 2025;549900;Belum Lunas
SI.2025.04.00119;A491;18 Apr 2025;199400;Belum Lunas
SI.2025.04.00118;A492;18 Apr 2025;99000;Belum Lunas
SI.2025.04.00117;A493;17 Apr 2025;199400;Belum Lunas
SI.2025.04.00116;A494;17 Apr 2025;99900;Belum Lunas
SI.2025.04.00115;A495;16 Apr 2025;199900;Belum Lunas
SI.2025.04.00114;A496;15 Apr 2025;349900;Belum Lunas
SI.2025.04.00113;A497;15 Apr 2025;199900;Belum Lunas
SI.2025.04.00112;A498;15 Apr 2025;99000;Belum Lunas
SI.2025.04.00111;A499;15 Apr 2025;299900;Belum Lunas
SI.2025.04.00110;A500;15 Apr 2025;99000;Belum Lunas
SI.2025.04.00109;A501;15 Apr 2025;99000;Belum Lunas
SI.2025.04.00108;A502;15 Apr 2025;279920;Belum Lunas
SI.2025.04.00107;A503;15 Apr 2025;231000;Belum Lunas
SI.2025.04.00106;A504;15 Apr 2025;549900;Belum Lunas
SI.2025.04.00105;A505;15 Apr 2025;99900;Belum Lunas
SI.2025.04.00104;A506;15 Apr 2025;349900;Belum Lunas
SI.2025.04.00103;A507;15 Apr 2025;199900;Belum Lunas
SI.2025.04.00102;A508;15 Apr 2025;99000;Belum Lunas
SI.2025.04.00101;A509;15 Apr 2025;99900;Belum Lunas
SI.2025.04.00100;A510;15 Apr 2025;146958;Belum Lunas
