id_xendit_payment;id_student;tanggal;jumlah;nomor_invoice
110102.2025.03.00001;A230;26-Mar-25;99000;KSDK.2500257.25.0 5.0054.01
110102.2025.03.00003;A237;24-Mar-25;299900;KSDK.2500248.25.0 5.0045.01
110102.2025.03.00005;A240;19-Mar-25;99000;KSDK.2500243.25.0 5.0040.01
110102.2025.03.00004;A241;19-Mar-25;99000;KSDK.2500241.25.0 5.0038.01
110102.2025.03.00006;A242;18-Mar-25;549900;KSDK.2500237.25.0 5.0034.01
110102.2025.03.00008;A248;07-Mar-25;99000;KSDK.2500231.25.0 5.0028.01
110102.2025.03.00007;A249;07-Mar-25;99900;KSDK.2500230.25.0 5.0027.01
110102.2025.03.00011;A260;06-Mar-25;449900;KSDK.2500359.25.0 5.0156.01
110102.2025.03.00010;A261;06-Mar-25;336800;KSDK.2500358.25.0 5.0155.01
110102.2025.03.00009;A262;06-Mar-25;285600;KSDK.2500357.25.0 5.0154.01
110102.2025.03.00023;A264;05-Mar-25;125937;KSDK.2500355.25.0 5.0152.01
110102.2025.03.00022;A265;05-Mar-25;99000;KSDK.2500354.25.0 5.0151.01
110102.2025.03.00021;A266;05-Mar-25;99000;KSDK.2500353.25.0 5.0150.01
110102.2025.03.00019;A267;05-Mar-25;99000;KSDK.2500351.25.0 5.0148.01
110102.2025.03.00018;A268;05-Mar-25;99000;KSDK.2500299.25.0 5.0096.01
110102.2025.03.00017;A269;05-Mar-25;494910;KSDK.2500321.25.0 5.0118.01
110102.2025.03.00016;A270;05-Mar-25;3000;SI.2025.05.00028
110102.2025.03.00015;A271;05-Mar-25;299900;SI.2025.05.00027
110102.2025.03.00014;A272;05-Mar-25;99000;SI.2025.05.00026
110102.2025.03.00013;A273;05-Mar-25;99000;SI.2025.05.00025
110102.2025.03.00012;A274;05-Mar-25;99000;SI.2025.05.00023
110102.2025.03.00026;A354;04-Mar-25;269910;SI.2025.04.00170
110102.2025.03.00025;A355;04-Mar-25;219960;SI.2025.04.00169
110102.2025.03.00024;A356;04-Mar-25;100000;SI.2025.04.00168
110102.2025.03.00037;A357;03-Mar-25;524900;SI.2025.04.00167
110102.2025.03.00036;A358;03-Mar-25;449900;SI.2025.04.00166
110102.2025.03.00035;A359;03-Mar-25;149700;SI.2025.04.00165
110102.2025.03.00034;A360;03-Mar-25;291000;SI.2025.04.00164
110102.2025.03.00033;A361;03-Mar-25;549900;SI.2025.04.00163
110102.2025.03.00032;A362;03-Mar-25;279913;SI.2025.04.00162
110102.2025.03.00031;A363;03-Mar-25;99000;SI.2025.04.00161
110102.2025.03.00030;A364;03-Mar-25;179910;SI.2025.04.00160
110102.2025.03.00029;A365;03-Mar-25;99000;SI.2025.04.00159
110102.2025.03.00028;A366;03-Mar-25;99000;SI.2025.04.00158
110102.2025.03.00027;A367;03-Mar-25;279920;SI.2025.04.00157
110102.2025.03.00038;A368;02-Mar-25;99000;SI.2025.04.00156
110102.2025.03.00041;A370;01-Mar-25;284400;SI.2025.04.00154
110102.2025.03.00040;A371;01-Mar-25;284400;SI.2025.04.00153
110102.2025.03.00039;A372;01-Mar-25;100000;SI.2025.04.00152
110102.2025.02.00026;A375;28-Feb-25;197500;SI.2025.04.00149
110102.2025.02.00025;A376;28-Feb-25;197500;SI.2025.04.00148
110102.2025.02.00024;A377;28-Feb-25;197500;SI.2025.04.00147
110102.2025.02.00047;A384;27-Feb-25;494910;SI.2025.04.00140
110102.2025.02.00056;A386;26-Feb-25;99000;SI.2025.04.00138
110102.2025.02.00055;A387;26-Feb-25;99000;SI.2025.04.00137
110102.2025.02.00054;A388;26-Feb-25;99000;SI.2025.04.00136
110102.2025.02.00053;A389;26-Feb-25;99000;SI.2025.04.00135
110102.2025.02.00051;A390;26-Feb-25;279913;SI.2025.04.00134
110102.2025.02.00033;A391;26-Feb-25;99000;SI.2025.04.00133
110102.2025.02.00032;A392;26-Feb-25;99000;SI.2025.04.00132
110102.2025.02.00031;A393;26-Feb-25;99000;SI.2025.04.00131
110102.2025.03.00002;A394;26-Feb-25;99000;SI.2025.04.00130
110102.2025.02.00030;A395;26-Feb-25;99000;SI.2025.04.00129
110102.2025.02.00029;A396;26-Feb-25;99000;SI.2025.04.00128
110102.2025.02.00028;A397;26-Feb-25;99000;SI.2025.04.00127
110102.2025.02.00027;A398;26-Feb-25;404910;SI.2025.04.00126
110102.2025.02.00071;A406;25-Feb-25;449900;SI.2025.04.00084
110102.2025.02.00069;A407;25-Feb-25;449900;SI.2025.04.00083
110102.2025.02.00068;A408;25-Feb-25;249900;SI.2025.04.00082
110102.2025.02.00050;A409;25-Feb-25;230958;SI.2025.04.00081
110102.2025.02.00049;A410;25-Feb-25;99000;SI.2025.04.00080
110102.2025.02.00048;A411;25-Feb-25;99000;SI.2025.04.00079
110102.2025.02.00046;A412;25-Feb-25;99000;SI.2025.04.00078
110102.2025.02.00045;A413;25-Feb-25;99000;SI.2025.04.00077
110102.2025.02.00044;A414;25-Feb-25;99000;SI.2025.04.00076
110102.2025.02.00043;A415;25-Feb-25;99000;SI.2025.04.00075
110102.2025.02.00042;A416;25-Feb-25;99000;SI.2025.04.00074
110102.2025.02.00041;A417;25-Feb-25;189054;SI.2025.04.00073
110102.2025.02.00040;A418;25-Feb-25;299900;SI.2025.04.00072
110102.2025.02.00039;A419;25-Feb-25;99000;SI.2025.04.00071
110102.2025.02.00038;A420;25-Feb-25;179910;SI.2025.04.00070
110102.2025.02.00037;A421;25-Feb-25;346500;SI.2025.04.00069
110102.2025.02.00036;A422;25-Feb-25;346500;SI.2025.04.00068
110102.2025.02.00035;A423;25-Feb-25;99000;SI.2025.04.00067
110102.2025.02.00034;A424;25-Feb-25;99000;SI.2025.04.00066
110102.2025.02.00073;A452;24-Feb-25;100000;SI.2025.04.00037
110102.2025.02.00072;A453;24-Feb-25;449900;SI.2025.04.00036
110102.2025.02.00070;A454;24-Feb-25;99000;SI.2025.04.00035
110102.2025.02.00052;A455;24-Feb-25;99000;SI.2025.04.00034
110102.2025.02.00059;A465;23-Feb-25;99000;SI.2025.04.00024
110102.2025.02.00023;A467;23-Feb-25;99000;SI.2025.04.00022
110102.2025.02.00022;A468;23-Feb-25;404910;SI.2025.04.00021
110102.2025.02.00021;A469;23-Feb-25;449900;SI.2025.04.00020
110102.2025.02.00020;A470;23-Feb-25;99000;SI.2025.04.00019
110102.2025.02.00019;A471;23-Feb-25;99000;SI.2025.04.00018
110102.2025.02.00018;A472;23-Feb-25;99000;SI.2025.04.00017
110102.2025.02.00017;A474;22-Feb-25;99000;SI.2025.04.00015
110102.2025.02.00014;A475;22-Feb-25;449900;SI.2025.04.00014
110102.2025.02.00062;A476;21-Feb-25;494910;SI.2025.04.00013
110102.2025.02.00063;A479;19-Feb-25;99000;SI.2025.04.00010
110102.2025.02.00012;A481;19-Feb-25;449900;SI.2025.04.00008
110102.2025.02.00010;A482;18-Feb-25;99000;SI.2025.04.00007
110102.2025.02.00009;A483;16-Feb-25;99000;SI.2025.04.00006
110102.2025.02.00008;A488;07-Feb-25;99000;SI.2025.04.00122
110102.2025.02.00007;A490;06-Feb-25;449900;SI.2025.04.00120
110102.2025.02.00006;A491;06-Feb-25;449900;SI.2025.04.00119
110102.2025.02.00066;A492;05-Feb-25;99000;SI.2025.04.00118
110102.2025.02.00065;A497;03-Feb-25;99000;SI.2025.04.00113
110102.2025.02.00005;A501;03-Feb-25;99000;SI.2025.04.00109
110102.2025.02.00004;A503;02-Feb-25;99000;SI.2025.04.00107
110102.2025.02.00003;A504;02-Feb-25;199400;SI.2025.04.00106
110102.2025.02.00002;A510;01-Feb-25;150000;SI.2025.04.00100
